mjd,ra,dec,mag,band,status,permid,provid,obstime_text
60797.06782059028,186.2994039,7.4370638,21.959,Lr,p,616827,2001 HL69,2025-05-02T01:37:39.699Z
60799.09037564815,185.9824006,7.4444011,21.915,Lr,p,616827,2001 HL69,2025-05-04T02:10:08.456Z
60797.169822905096,186.2819563,7.437791,23.077,Lu,p,616827,2001 HL69,2025-05-02T04:04:32.699Z
60799.13474085648,185.9753894,7.4443801,21.927,Lr,p,616827,2001 HL69,2025-05-04T03:14:01.610Z
60799.12290322917,185.97725,7.4443967,21.940,Lr,p,616827,2001 HL69,2025-05-04T02:56:58.839Z
60793.18751782407,186.977026,7.3806077,21.904,Lr,p,616827,2001 HL69,2025-04-28T04:30:01.540Z
60798.07020498843,186.1390701,7.4426029,21.915,Lr,p,616827,2001 HL69,2025-05-03T01:41:05.711Z
60799.09682787037,185.9814009,7.4443776,21.962,Lr,p,616827,2001 HL69,2025-05-04T02:19:25.928Z
60799.09583431713,185.9815416,7.4444026,21.969,Lr,p,616827,2001 HL69,2025-05-04T02:18:00.085Z
60799.017955173615,185.9938783,7.4443666,21.911,Li,p,616827,2001 HL69,2025-05-04T00:25:51.327Z
60798.085868125,186.1365281,7.4426301,21.970,Lr,p,616827,2001 HL69,2025-05-03T02:03:39.006Z
60787.15255445602,188.1986571,7.1829528,22.911,Lu,p,616827,2001 HL69,2025-04-22T03:39:40.705Z
60797.02870605324,186.3060903,7.4367489,21.905,Li,p,616827,2001 HL69,2025-05-02T00:41:20.203Z
60797.10465435185,186.2931034,7.4373252,22.334,Lg,p,616827,2001 HL69,2025-05-02T02:30:42.136Z
60798.021321423614,186.1471452,7.4423567,21.717,Li,p,616827,2001 HL69,2025-05-03T00:30:42.171Z
60799.13082550926,185.976001,7.444387,21.860,Lr,p,616827,2001 HL69,2025-05-04T03:08:23.324Z
60795.15200439815,186.6224594,7.4161613,22.305,Lg,p,616827,2001 HL69,2025-04-30T03:38:53.180Z
60797.13250600694,186.2883373,7.4375233,22.329,Lg,p,616827,2001 HL69,2025-05-02T03:10:48.519Z
60797.047738333335,186.3028433,7.436909,21.747,Li,p,616827,2001 HL69,2025-05-02T01:08:44.592Z
60797.06298336806,186.3002366,7.4370254,21.906,Lr,p,616827,2001 HL69,2025-05-02T01:30:41.763Z
60795.07023082176,186.6374521,7.4149753,21.892,Lr,p,616827,2001 HL69,2025-04-30T01:41:07.943Z
60799.156621608796,185.9719531,7.4443681,22.362,Lg,p,616827,2001 HL69,2025-05-04T03:45:32.107Z
60798.09070195602,186.1357191,7.4426484,21.908,Lr,p,616827,2001 HL69,2025-05-03T02:10:36.649Z
60797.02671627315,186.3064486,7.4367484,21.812,Li,p,616827,2001 HL69,2025-05-02T00:38:28.286Z
60798.110846574076,186.1324193,7.4427411,22.291,Lg,p,616827,2001 HL69,2025-05-03T02:39:37.144Z
60798.05442541667,186.1417081,7.4425003,21.939,Lr,p,616827,2001 HL69,2025-05-03T01:18:22.356Z
60797.05811815972,186.3010825,7.4369839,21.990,Lr,p,616827,2001 HL69,2025-05-02T01:23:41.409Z
60798.04319980324,186.143586,7.442488,22.003,Lr,p,616827,2001 HL69,2025-05-03T01:02:12.463Z
60797.10562631945,186.2929409,7.4373282,22.359,Lg,p,616827,2001 HL69,2025-05-02T02:32:06.114Z
60795.03649756945,186.6436305,7.4144574,21.862,Lr,p,616827,2001 HL69,2025-04-30T00:52:33.390Z
60799.038335798614,185.9906627,7.444403,21.923,Li,p,616827,2001 HL69,2025-05-04T00:55:12.213Z
60793.20183417824,186.9742594,7.3809028,22.264,Lg,p,616827,2001 HL69,2025-04-28T04:50:38.473Z
60798.022871215275,186.1468856,7.4423961,21.927,Li,p,616827,2001 HL69,2025-05-03T00:32:56.073Z
60799.01295131945,185.9946506,7.4443684,21.875,Li,p,616827,2001 HL69,2025-05-04T00:18:38.994Z
60799.02946913194,185.9920526,7.4443734,21.669,Li,p,616827,2001 HL69,2025-05-04T00:42:26.133Z
60795.03502011574,186.6439062,7.4144302,21.831,Lr,p,616827,2001 HL69,2025-04-30T00:50:25.738Z
60794.16649584491,186.7975289,7.4001118,21.853,Lr,p,616827,2001 HL69,2025-04-29T03:59:45.241Z
60797.07955863426,186.2974009,7.4371481,21.904,Lr,p,616827,2001 HL69,2025-05-02T01:54:33.866Z
60798.13046226852,186.1291677,7.4427775,22.372,Lg,p,616827,2001 HL69,2025-05-03T03:07:51.940Z
60798.04564802083,186.1431585,7.4424712,21.883,Lr,p,616827,2001 HL69,2025-05-03T01:05:43.989Z
60798.13444300926,186.128517,7.4427961,22.321,Lg,p,616827,2001 HL69,2025-05-03T03:13:35.876Z
60790.12295459491,187.5744713,7.2967395,21.819,Lr,p,616827,2001 HL69,2025-04-25T02:57:03.277Z
60790.18532758102,187.561307,7.2987782,21.667,Li,p,616827,2001 HL69,2025-04-25T04:26:52.303Z
60799.123873923614,185.9771064,7.4443944,21.976,Lr,p,616827,2001 HL69,2025-05-04T02:58:22.707Z
60790.18797388889,187.5607589,7.2988656,21.658,Li,p,616827,2001 HL69,2025-04-25T04:30:40.944Z
60797.03306886574,186.3053583,7.4367904,21.824,Li,p,616827,2001 HL69,2025-05-02T00:47:37.150Z
60797.14403186343,186.2863882,7.4376397,23.396,Lu,p,616827,2001 HL69,2025-05-02T03:27:24.353Z
60798.11813653935,186.1312015,7.4427787,22.139,Lg,p,616827,2001 HL69,2025-05-03T02:50:06.997Z
60797.103219502314,186.2933429,7.4373215,22.427,Lg,p,616827,2001 HL69,2025-05-02T02:28:38.165Z
60797.10167123842,186.293618,7.4373047,22.407,Lg,p,616827,2001 HL69,2025-05-02T02:26:24.395Z
60799.108230150465,185.9795801,7.4443853,21.989,Lr,p,616827,2001 HL69,2025-05-04T02:35:51.085Z
60798.13290077546,186.1287902,7.4428174,22.352,Lg,p,616827,2001 HL69,2025-05-03T03:11:22.627Z
60799.11852740741,185.9779472,7.444403,21.882,Lr,p,616827,2001 HL69,2025-05-04T02:50:40.768Z
60795.14756557871,186.6232665,7.4160973,22.279,Lg,p,616827,2001 HL69,2025-04-30T03:32:29.666Z
60790.18904981481,187.5605153,7.2989012,21.674,Li,p,616827,2001 HL69,2025-04-25T04:32:13.904Z
60797.09538766204,186.2947044,7.4372572,22.406,Lg,p,616827,2001 HL69,2025-05-02T02:17:21.494Z
60798.01446912037,186.1483115,7.4423697,22.011,Li,p,616827,2001 HL69,2025-05-03T00:20:50.132Z
60798.13592515046,186.1282856,7.4427932,22.459,Lg,p,616827,2001 HL69,2025-05-03T03:15:43.933Z
60797.059595,186.3008151,7.4369891,21.966,Lr,p,616827,2001 HL69,2025-05-02T01:25:49.008Z
60798.116208576386,186.1315465,7.4427241,22.287,Lg,p,616827,2001 HL69,2025-05-03T02:47:20.421Z
60798.11475,186.1317694,7.4427379,22.398,Lg,p,616827,2001 HL69,2025-05-03T02:45:14.400Z
60798.01349474537,186.1484229,7.4423471,21.845,Li,p,616827,2001 HL69,2025-05-03T00:19:25.946Z
60797.038514340275,186.3044173,7.4368254,21.893,Li,p,616827,2001 HL69,2025-05-02T00:55:27.639Z
60797.11094181713,186.2920309,7.4373867,22.408,Lg,p,616827,2001 HL69,2025-05-02T02:39:45.373Z
60799.13620995371,185.9751628,7.4443848,21.911,Lr,p,616827,2001 HL69,2025-05-04T03:16:08.540Z
60793.14440119213,186.9854059,7.3796791,22.282,Lg,p,616827,2001 HL69,2025-04-28T03:27:56.263Z
60797.18162466435,186.2800083,7.4377736,22.998,Lu,p,616827,2001 HL69,2025-05-02T04:21:32.371Z
60798.12308971065,186.1303688,7.442788,22.307,Lg,p,616827,2001 HL69,2025-05-03T02:57:14.951Z
60797.041892546295,186.3038499,7.4368616,21.966,Li,p,616827,2001 HL69,2025-05-02T01:00:19.516Z
60799.02801325231,185.9922784,7.4443971,21.834,Li,p,616827,2001 HL69,2025-05-04T00:40:20.345Z
60799.14676681713,185.9734899,7.4443897,22.395,Lg,p,616827,2001 HL69,2025-05-04T03:31:20.653Z
60793.18501511574,186.9775174,7.3805491,21.816,Lr,p,616827,2001 HL69,2025-04-28T04:26:25.306Z
60797.0552353588,186.3015577,7.4369547,21.965,Lr,p,616827,2001 HL69,2025-05-02T01:19:32.335Z
60797.08101274305,186.2971541,7.4371571,21.953,Lr,p,616827,2001 HL69,2025-05-02T01:56:39.501Z
60799.13131795139,185.975922,7.4443843,21.878,Lr,p,616827,2001 HL69,2025-05-04T03:09:05.871Z
60798.01105163195,186.1488324,7.4423339,21.771,Li,p,616827,2001 HL69,2025-05-03T00:15:54.861Z
60799.14579056713,185.9736557,7.4443746,22.359,Lg,p,616827,2001 HL69,2025-05-04T03:29:56.305Z
60793.20585349537,186.9734767,7.3810009,22.165,Lg,p,616827,2001 HL69,2025-04-28T04:56:25.742Z
60798.05889681713,186.140977,7.4425413,21.889,Lr,p,616827,2001 HL69,2025-05-03T01:24:48.685Z
60799.10482482639,185.9801132,7.4443956,21.917,Lr,p,616827,2001 HL69,2025-05-04T02:30:56.865Z
60795.1495446412,186.622906,7.4161361,22.230,Lg,p,616827,2001 HL69,2025-04-30T03:35:20.657Z
60799.15758853009,185.9717882,7.4443715,22.351,Lg,p,616827,2001 HL69,2025-05-04T03:46:55.649Z
60795.03110896991,186.6446184,7.4143701,21.864,Lr,p,616827,2001 HL69,2025-04-30T00:44:47.815Z
60798.068166446756,186.139438,7.4425787,21.873,Lr,p,616827,2001 HL69,2025-05-03T01:38:09.581Z
60797.07224243056,186.2986534,7.4370956,21.897,Lr,p,616827,2001 HL69,2025-05-02T01:44:01.746Z
60799.157111597226,185.9718548,7.4443644,22.302,Lg,p,616827,2001 HL69,2025-05-04T03:46:14.442Z
60798.13143491898,186.1290237,7.4427952,22.337,Lg,p,616827,2001 HL69,2025-05-03T03:09:15.977Z
60798.10890378472,186.132745,7.4427098,22.268,Lg,p,616827,2001 HL69,2025-05-03T02:36:49.287Z
60797.02526957176,186.3066721,7.4367269,21.826,Li,p,616827,2001 HL69,2025-05-02T00:36:23.291Z
60799.12141125,185.9774902,7.4443865,21.997,Lr,p,616827,2001 HL69,2025-05-04T02:54:49.932Z
60797.08344960648,186.2967415,7.4371843,21.916,Lr,p,616827,2001 HL69,2025-05-02T02:00:10.046Z
60798.119673263885,186.1309672,7.4427592,22.365,Lg,p,616827,2001 HL69,2025-05-03T02:52:19.770Z
60798.090219791666,186.1358139,7.4426509,21.898,Lr,p,616827,2001 HL69,2025-05-03T02:09:54.990Z
60798.11918826389,186.1310194,7.4427663,22.332,Lg,p,616827,2001 HL69,2025-05-03T02:51:37.866Z
60798.10407482639,186.1335233,7.4427031,22.360,Lg,p,616827,2001 HL69,2025-05-03T02:29:52.065Z
60799.018439085645,185.993785,7.4443658,21.839,Li,p,616827,2001 HL69,2025-05-04T00:26:33.137Z
60799.1477409838,185.9733283,7.4443801,22.342,Lg,p,616827,2001 HL69,2025-05-04T03:32:44.821Z
60793.18356667824,186.9777884,7.3805246,21.891,Lr,p,616827,2001 HL69,2025-04-28T04:24:20.161Z
60798.07261822917,186.1387355,7.4425841,21.933,Lr,p,616827,2001 HL69,2025-05-03T01:44:34.215Z
60798.02383699074,186.1467553,7.4424052,21.671,Li,p,616827,2001 HL69,2025-05-03T00:34:19.516Z
60799.10919998842,185.9794324,7.4443983,21.943,Lr,p,616827,2001 HL69,2025-05-04T02:37:14.879Z
60799.094820983795,185.9817076,7.4443992,21.910,Lr,p,616827,2001 HL69,2025-05-04T02:16:32.533Z
60799.02503820602,185.992747,7.4443664,21.883,Li,p,616827,2001 HL69,2025-05-04T00:36:03.301Z
60797.03111361111,186.3056828,7.4367736,21.839,Li,p,616827,2001 HL69,2025-05-02T00:44:48.216Z
60797.0886553588,186.2958504,7.4372087,22.358,Lg,p,616827,2001 HL69,2025-05-02T02:07:39.823Z
60799.01045083333,185.9950442,7.4443559,21.918,Li,p,616827,2001 HL69,2025-05-04T00:15:02.952Z
60790.17847118055,187.5627678,7.2985507,22.278,Lg,p,616827,2001 HL69,2025-04-25T04:16:59.910Z
60798.035023344906,186.1449223,7.4424418,21.776,Li,p,616827,2001 HL69,2025-05-03T00:50:26.017Z
60798.07309978009,186.1386392,7.4425952,21.822,Lr,p,616827,2001 HL69,2025-05-03T01:45:15.821Z
60799.117556655096,185.9781095,7.4443811,21.857,Lr,p,616827,2001 HL69,2025-05-04T02:49:16.895Z
60797.089614351855,186.2956809,7.4372208,22.344,Lg,p,616827,2001 HL69,2025-05-02T02:09:02.680Z
60790.183770891206,187.5616456,7.2987305,21.697,Li,p,616827,2001 HL69,2025-04-25T04:24:37.805Z
60797.05571368056,186.3014875,7.4369647,21.967,Lr,p,616827,2001 HL69,2025-05-02T01:20:13.662Z
60797.15752327546,186.2839397,7.4378418,23.059,Lu,p,616827,2001 HL69,2025-05-02T03:46:50.011Z
60797.09345543981,186.2950207,7.437246,22.329,Lg,p,616827,2001 HL69,2025-05-02T02:14:34.550Z
60797.04437077546,186.3034157,7.4368708,21.768,Li,p,616827,2001 HL69,2025-05-02T01:03:53.635Z
60798.068657777774,186.1393458,7.4425578,21.943,Lr,p,616827,2001 HL69,2025-05-03T01:38:52.032Z
60790.18086803241,187.5622325,7.2986329,21.691,Li,p,616827,2001 HL69,2025-04-25T04:20:26.998Z
60793.191005625,186.9763558,7.3806714,21.822,Lr,p,616827,2001 HL69,2025-04-28T04:35:02.886Z
60787.126874953705,188.2043732,7.1818409,21.597,Li,p,616827,2001 HL69,2025-04-22T03:02:41.996Z
60799.15506172454,185.9721831,7.4443855,22.390,Lg,p,616827,2001 HL69,2025-05-04T03:43:17.333Z
60797.1172225,186.2909615,7.4374223,22.384,Lg,p,616827,2001 HL69,2025-05-02T02:48:48.024Z
60798.07213690972,186.1388016,7.442616,21.816,Lr,p,616827,2001 HL69,2025-05-03T01:43:52.629Z
60795.14708054398,186.6233558,7.4160901,22.311,Lg,p,616827,2001 HL69,2025-04-30T03:31:47.759Z
60799.03143981482,185.9917338,7.4443718,21.927,Li,p,616827,2001 HL69,2025-05-04T00:45:16.400Z
60799.092355960645,185.9820936,7.444407,21.912,Lr,p,616827,2001 HL69,2025-05-04T02:12:59.555Z
60797.03947123843,186.3042737,7.4368508,21.775,Li,p,616827,2001 HL69,2025-05-02T00:56:50.315Z
60799.02752943287,185.99233,7.4443817,21.837,Li,p,616827,2001 HL69,2025-05-04T00:39:38.543Z
60798.08042653935,186.1374155,7.4426277,21.928,Lr,p,616827,2001 HL69,2025-05-03T01:55:48.853Z
60799.09730289352,185.9812996,7.4443922,21.904,Lr,p,616827,2001 HL69,2025-05-04T02:20:06.970Z
60798.05645001157,186.141357,7.4425305,21.871,Lr,p,616827,2001 HL69,2025-05-03T01:21:17.281Z
60790.1361702662,187.5716842,7.2971615,22.125,Lg,p,616827,2001 HL69,2025-04-25T03:16:05.111Z
60797.08296262731,186.2968304,7.4371669,21.951,Lr,p,616827,2001 HL69,2025-05-02T01:59:27.971Z
60795.14805488426,186.6231835,7.4160954,22.291,Lg,p,616827,2001 HL69,2025-04-30T03:33:11.942Z
60797.11239403935,186.2917783,7.4373798,22.337,Lg,p,616827,2001 HL69,2025-05-02T02:41:50.845Z
60798.12504673611,186.1300654,7.4427777,22.233,Lg,p,616827,2001 HL69,2025-05-03T03:00:04.038Z
60793.1865253588,186.9772278,7.3805818,21.811,Lr,p,616827,2001 HL69,2025-04-28T04:28:35.791Z
60798.0764983912,186.138072,7.4426161,21.931,Lr,p,616827,2001 HL69,2025-05-03T01:50:09.461Z
60793.136086516206,186.9870335,7.3794963,22.290,Lg,p,616827,2001 HL69,2025-04-28T03:15:57.875Z
60798.02083712963,186.1472363,7.4424004,21.773,Li,p,616827,2001 HL69,2025-05-03T00:30:00.328Z
60790.14126815972,187.5706065,7.2973299,22.163,Lg,p,616827,2001 HL69,2025-04-25T03:23:25.569Z
60798.067169201386,186.1395927,7.4425605,21.859,Lr,p,616827,2001 HL69,2025-05-03T01:36:43.419Z
60798.086346828706,186.1364522,7.4426539,21.910,Lr,p,616827,2001 HL69,2025-05-03T02:04:20.366Z
60798.079423125,186.1376211,7.4425914,21.914,Lr,p,616827,2001 HL69,2025-05-03T01:54:22.158Z
60797.024786435184,186.3067534,7.4367318,21.818,Li,p,616827,2001 HL69,2025-05-02T00:35:41.548Z
60795.151011284725,186.6226446,7.4161505,22.216,Lg,p,616827,2001 HL69,2025-04-30T03:37:27.375Z
60795.16661368056,186.6197613,7.4163504,22.314,Lg,p,616827,2001 HL69,2025-04-30T03:59:55.422Z
60797.10707457176,186.2926943,7.4373449,22.308,Lg,p,616827,2001 HL69,2025-05-02T02:34:11.243Z
60798.11426631945,186.1318416,7.4427394,22.325,Lg,p,616827,2001 HL69,2025-05-03T02:44:32.610Z
60798.02673100695,186.1462529,7.4424084,21.819,Li,p,616827,2001 HL69,2025-05-03T00:38:29.559Z
60793.139491319445,186.9863738,7.3795654,22.245,Lg,p,616827,2001 HL69,2025-04-28T03:20:52.050Z
60797.03608699074,186.3048238,7.4368075,21.761,Li,p,616827,2001 HL69,2025-05-02T00:51:57.916Z
60799.08645277778,185.983022,7.4443914,21.919,Lr,p,616827,2001 HL69,2025-05-04T02:04:29.520Z
60799.02994983796,185.9919757,7.4443714,21.871,Li,p,616827,2001 HL69,2025-05-04T00:43:07.666Z
60793.143418796295,186.9856069,7.3796528,22.222,Lg,p,616827,2001 HL69,2025-04-28T03:26:31.384Z
60799.107274675924,185.9797295,7.4444014,21.957,Lr,p,616827,2001 HL69,2025-05-04T02:34:28.532Z
60793.059343402776,187.0020116,7.3777848,21.758,Li,p,616827,2001 HL69,2025-04-28T01:25:27.270Z
60797.05030321759,186.3024119,7.4369206,21.930,Li,p,616827,2001 HL69,2025-05-02T01:12:26.198Z
60797.03063512732,186.3057656,7.4367588,21.875,Li,p,616827,2001 HL69,2025-05-02T00:44:06.875Z
60794.16549726852,186.7977067,7.4000918,21.956,Lr,p,616827,2001 HL69,2025-04-29T03:58:18.964Z
60798.09700350695,186.1346657,7.4426943,21.881,Lr,p,616827,2001 HL69,2025-05-03T02:19:41.103Z
60797.06879287037,186.299237,7.4370536,21.983,Lr,p,616827,2001 HL69,2025-05-02T01:39:03.704Z
60797.11827957176,186.2907836,7.4374253,22.345,Lg,p,616827,2001 HL69,2025-05-02T02:50:19.355Z
60797.123132071756,186.2899431,7.4374548,22.389,Lg,p,616827,2001 HL69,2025-05-02T02:57:18.611Z
60799.129358171296,185.9762441,7.4443912,21.926,Lr,p,616827,2001 HL69,2025-05-04T03:06:16.546Z
60798.0154446875,186.1481318,7.4423623,21.809,Li,p,616827,2001 HL69,2025-05-03T00:22:14.421Z
60790.11781899306,187.5755618,7.2965551,21.718,Lr,p,616827,2001 HL69,2025-04-25T02:49:39.561Z
60799.03735375,185.9908066,7.4443905,21.835,Li,p,616827,2001 HL69,2025-05-04T00:53:47.364Z
60799.118040532405,185.9780201,7.4444032,21.978,Lr,p,616827,2001 HL69,2025-05-04T02:49:58.702Z
60798.040462349534,186.1440036,7.442456,21.931,Lr,p,616827,2001 HL69,2025-05-03T00:58:15.947Z
60798.04517415509,186.1432448,7.4424855,21.976,Lr,p,616827,2001 HL69,2025-05-03T01:05:03.047Z
60798.02432899306,186.1466592,7.4423883,21.857,Li,p,616827,2001 HL69,2025-05-03T00:35:02.025Z
60798.051515266205,186.1422226,7.4425039,21.849,Lr,p,616827,2001 HL69,2025-05-03T01:14:10.919Z
60798.01839019676,186.1476681,7.4423579,21.762,Li,p,616827,2001 HL69,2025-05-03T00:26:28.913Z
60798.071650659724,186.138885,7.442577,21.862,Lr,p,616827,2001 HL69,2025-05-03T01:43:10.617Z
60798.09263865741,186.1354226,7.442662,21.928,Lr,p,616827,2001 HL69,2025-05-03T02:13:23.980Z
60799.1828999537,185.9678381,7.444376,23.233,Lu,p,616827,2001 HL69,2025-05-04T04:23:22.556Z
60787.11752716435,188.2064935,7.1814517,21.552,Li,p,616827,2001 HL69,2025-04-22T02:49:14.347Z
60798.059877291664,186.1408257,7.4425451,21.964,Lr,p,616827,2001 HL69,2025-05-03T01:26:13.398Z
60795.06925565972,186.6376382,7.414949,21.903,Lr,p,616827,2001 HL69,2025-04-30T01:39:43.689Z
60793.055434305556,187.0027724,7.3776909,21.848,Li,p,616827,2001 HL69,2025-04-28T01:19:49.524Z
60797.10265269676,186.293457,7.437314,22.330,Lg,p,616827,2001 HL69,2025-05-02T02:27:49.193Z
60797.1329940162,186.2882531,7.4375395,22.282,Lg,p,616827,2001 HL69,2025-05-02T03:11:30.683Z
60798.04907587963,186.1426054,7.442484,21.896,Lr,p,616827,2001 HL69,2025-05-03T01:10:40.156Z
60797.10900741898,186.2923533,7.4373503,22.360,Lg,p,616827,2001 HL69,2025-05-02T02:36:58.241Z
60798.127994594906,186.1295961,7.4427651,22.342,Lg,p,616827,2001 HL69,2025-05-03T03:04:18.733Z
60797.07272398148,186.2985752,7.4370956,21.952,Lr,p,616827,2001 HL69,2025-05-02T01:44:43.352Z
60798.054914409724,186.1416012,7.4425052,21.846,Lr,p,616827,2001 HL69,2025-05-03T01:19:04.605Z
60798.081880833335,186.1371949,7.4426296,21.872,Lr,p,616827,2001 HL69,2025-05-03T01:57:54.504Z
60799.01394697917,185.9944994,7.4443969,21.876,Li,p,616827,2001 HL69,2025-05-04T00:20:05.019Z
60799.11512101852,185.9784894,7.4443934,21.898,Lr,p,616827,2001 HL69,2025-05-04T02:45:46.456Z
60799.02601577546,185.9925825,7.4443667,21.787,Li,p,616827,2001 HL69,2025-05-04T00:37:27.763Z
60790.13771494213,187.5713532,7.2972201,22.196,Lg,p,616827,2001 HL69,2025-04-25T03:18:18.571Z
60798.09117975694,186.1356642,7.4426441,21.896,Lr,p,616827,2001 HL69,2025-05-03T02:11:17.931Z
60798.133472037036,186.1286809,7.4427949,22.387,Lg,p,616827,2001 HL69,2025-05-03T03:12:11.984Z
60794.16849055555,186.7971619,7.4001213,21.877,Lr,p,616827,2001 HL69,2025-04-29T04:02:37.584Z
60797.021351655094,186.3073472,7.4366984,21.817,Li,p,616827,2001 HL69,2025-05-02T00:30:44.783Z
60797.02380675926,186.3069315,7.4367056,21.847,Li,p,616827,2001 HL69,2025-05-02T00:34:16.904Z
60799.11996664352,185.9777297,7.4443925,21.959,Lr,p,616827,2001 HL69,2025-05-04T02:52:45.118Z
60797.08248204861,186.2969003,7.4371658,21.984,Lr,p,616827,2001 HL69,2025-05-02T01:58:46.449Z
60797.09635951389,186.2945378,7.4372708,22.395,Lg,p,616827,2001 HL69,2025-05-02T02:18:45.462Z
60798.06913979167,186.1392644,7.442581,21.865,Lr,p,616827,2001 HL69,2025-05-03T01:39:33.678Z
60798.09796825232,186.1345405,7.4426695,21.909,Lr,p,616827,2001 HL69,2025-05-03T02:21:04.457Z
60799.15112515046,185.9728029,7.4443794,22.227,Lg,p,616827,2001 HL69,2025-05-04T03:37:37.213Z
60798.08286736111,186.1370335,7.4426213,21.968,Lr,p,616827,2001 HL69,2025-05-03T01:59:19.740Z
60799.14432074074,185.9738731,7.4443857,22.304,Lg,p,616827,2001 HL69,2025-05-04T03:27:49.312Z
60798.0233537963,186.146809,7.4424039,21.894,Li,p,616827,2001 HL69,2025-05-03T00:33:37.768Z
60797.04335709491,186.3035972,7.4368671,21.817,Li,p,616827,2001 HL69,2025-05-02T01:02:26.053Z
60798.02528721065,186.1464887,7.4423962,21.792,Li,p,616827,2001 HL69,2025-05-03T00:36:24.815Z
60799.111596469906,185.9790436,7.4444011,21.974,Lr,p,616827,2001 HL69,2025-05-04T02:40:41.935Z
60790.19061100695,187.5601916,7.2989459,21.716,Li,p,616827,2001 HL69,2025-04-25T04:34:28.791Z
60787.11233025463,188.2076783,7.1812033,21.787,Li,p,616827,2001 HL69,2025-04-22T02:41:45.334Z
60790.122444155095,187.5745783,7.2967158,21.752,Lr,p,616827,2001 HL69,2025-04-25T02:56:19.175Z
60797.078565358795,186.2975781,7.4371368,21.945,Lr,p,616827,2001 HL69,2025-05-02T01:53:08.047Z
60793.18701505787,186.9771308,7.3805913,21.847,Lr,p,616827,2001 HL69,2025-04-28T04:29:18.101Z
60797.05763762732,186.3011508,7.4369792,21.940,Lr,p,616827,2001 HL69,2025-05-02T01:22:59.891Z
60797.029668773146,186.3059334,7.4367615,21.871,Li,p,616827,2001 HL69,2025-05-02T00:42:43.382Z
60798.106979780096,186.1330817,7.4427064,22.308,Lg,p,616827,2001 HL69,2025-05-03T02:34:03.053Z
60798.1123116088,186.1321545,7.4427567,22.365,Lg,p,616827,2001 HL69,2025-05-03T02:41:43.723Z
60797.03994855324,186.3041749,7.4368513,21.825,Li,p,616827,2001 HL69,2025-05-02T00:57:31.555Z
60797.06829783565,186.299327,7.4370581,21.899,Lr,p,616827,2001 HL69,2025-05-02T01:38:20.933Z
60797.09057777778,186.2955331,7.4372216,22.403,Lg,p,616827,2001 HL69,2025-05-02T02:10:25.920Z
60793.060812048614,187.0017263,7.3778224,21.754,Li,p,616827,2001 HL69,2025-04-28T01:27:34.161Z
60799.08988532407,185.9824805,7.4443976,21.920,Lr,p,616827,2001 HL69,2025-05-04T02:09:26.092Z
60793.15974898148,186.9823584,7.3801076,23.144,Lu,p,616827,2001 HL69,2025-04-28T03:50:02.312Z
60787.11915486111,188.2061344,7.1815021,21.534,Li,p,616827,2001 HL69,2025-04-22T02:51:34.980Z
60799.14531021991,185.9737136,7.4443772,22.347,Lg,p,616827,2001 HL69,2025-05-04T03:29:14.803Z
60793.1355991088,186.9871256,7.3794787,22.304,Lg,p,616827,2001 HL69,2025-04-28T03:15:15.763Z
60798.122113032405,186.1305748,7.4427621,22.349,Lg,p,616827,2001 HL69,2025-05-03T02:55:50.566Z
60798.012517256946,186.1486125,7.4423628,21.826,Li,p,616827,2001 HL69,2025-05-03T00:18:01.491Z
60798.071172094904,186.1389693,7.4425774,21.950,Lr,p,616827,2001 HL69,2025-05-03T01:42:29.269Z
60799.148215995374,185.973262,7.4443775,22.286,Lg,p,616827,2001 HL69,2025-05-04T03:33:25.862Z
60798.13093532407,186.1290828,7.442775,22.362,Lg,p,616827,2001 HL69,2025-05-03T03:08:32.812Z
60793.160320532406,186.9823007,7.3799762,23.012,Lu,p,616827,2001 HL69,2025-04-28T03:50:51.694Z
60799.10433851852,185.9801931,7.4443969,21.971,Lr,p,616827,2001 HL69,2025-05-04T02:30:14.848Z
60795.07321585648,186.6369043,7.4150209,21.847,Lr,p,616827,2001 HL69,2025-04-30T01:45:25.850Z
60797.115774212965,186.2911982,7.4374093,22.305,Lg,p,616827,2001 HL69,2025-05-02T02:46:42.892Z
60795.0340403588,186.6440849,7.4144261,21.868,Lr,p,616827,2001 HL69,2025-04-30T00:49:01.087Z
60795.15593143518,186.6217376,7.4162141,22.259,Lg,p,616827,2001 HL69,2025-04-30T03:44:32.476Z
60799.11207704861,185.9789685,7.4443978,21.961,Lr,p,616827,2001 HL69,2025-05-04T02:41:23.457Z
60797.1245890625,186.2896961,7.4374721,22.386,Lg,p,616827,2001 HL69,2025-05-02T02:59:24.495Z
60795.152488611115,186.6223692,7.4161595,22.284,Lg,p,616827,2001 HL69,2025-04-30T03:39:35.016Z
60798.116696805555,186.1314635,7.4427327,22.308,Lg,p,616827,2001 HL69,2025-05-03T02:48:02.604Z
60793.05300380787,187.0032342,7.3776412,21.746,Li,p,616827,2001 HL69,2025-04-28T01:16:19.529Z
60793.20432402778,186.9737734,7.3809467,22.248,Lg,p,616827,2001 HL69,2025-04-28T04:54:13.596Z
60798.05596936343,186.1414583,7.4424796,21.951,Lr,p,616827,2001 HL69,2025-05-03T01:20:35.753Z
60799.136719849535,185.9750769,7.4443872,21.869,Lr,p,616827,2001 HL69,2025-05-04T03:16:52.595Z
60798.110360694445,186.1324969,7.4427191,22.245,Lg,p,616827,2001 HL69,2025-05-03T02:38:55.164Z
60798.08335166667,186.13693,7.4426197,21.850,Lr,p,616827,2001 HL69,2025-05-03T02:00:01.584Z
60799.116083657405,185.9783294,7.4444013,21.903,Lr,p,616827,2001 HL69,2025-05-04T02:47:09.628Z
60793.138030625,186.9866591,7.3795241,22.253,Lg,p,616827,2001 HL69,2025-04-28T03:18:45.846Z
60799.14335815972,185.9740213,7.4443851,22.395,Lg,p,616827,2001 HL69,2025-05-04T03:26:26.145Z
60798.01299451389,186.148562,7.4423366,21.815,Li,p,616827,2001 HL69,2025-05-03T00:18:42.726Z
60797.12558309028,186.2895123,7.4374776,22.412,Lg,p,616827,2001 HL69,2025-05-02T03:00:50.379Z
60798.01986650463,186.1473709,7.4424016,21.732,Li,p,616827,2001 HL69,2025-05-03T00:28:36.466Z
60795.07071803241,186.6373678,7.414979,21.867,Lr,p,616827,2001 HL69,2025-04-30T01:41:50.038Z
60798.07797766204,186.1378198,7.4425771,21.966,Lr,p,616827,2001 HL69,2025-05-03T01:52:17.270Z
60797.062504016205,186.3003203,7.437016,21.949,Lr,p,616827,2001 HL69,2025-05-02T01:30:00.347Z
60799.012430243056,185.9947273,7.4443756,21.952,Li,p,616827,2001 HL69,2025-05-04T00:17:53.973Z
60798.048591782404,186.1426657,7.4424954,21.977,Lr,p,616827,2001 HL69,2025-05-03T01:09:58.330Z
60787.11650885417,188.2067342,7.1813851,21.569,Li,p,616827,2001 HL69,2025-04-22T02:47:46.365Z
60797.09878255787,186.2941054,7.4372912,22.378,Lg,p,616827,2001 HL69,2025-05-02T02:22:14.813Z
60799.03884609954,185.9905545,7.444415,21.880,Li,p,616827,2001 HL69,2025-05-04T00:55:56.303Z
60797.07709071759,186.2978146,7.4371312,21.966,Lr,p,616827,2001 HL69,2025-05-02T01:51:00.638Z
60799.11361825231,185.9787235,7.4443898,21.918,Lr,p,616827,2001 HL69,2025-05-04T02:43:36.617Z
60795.06723497685,186.6380038,7.4149279,21.926,Lr,p,616827,2001 HL69,2025-04-30T01:36:49.102Z
60797.10948666667,186.292259,7.4373454,22.389,Lg,p,616827,2001 HL69,2025-05-02T02:37:39.648Z
60799.0159277662,185.994178,7.44436,21.924,Li,p,616827,2001 HL69,2025-05-04T00:22:56.159Z
60797.13766872685,186.2874414,7.4375326,23.422,Lu,p,616827,2001 HL69,2025-05-02T03:18:14.578Z
60797.10804420139,186.292531,7.4373564,22.386,Lg,p,616827,2001 HL69,2025-05-02T02:35:35.019Z
60798.13240672454,186.1288579,7.4428235,22.335,Lg,p,616827,2001 HL69,2025-05-03T03:10:39.941Z
60793.19981980324,186.9746484,7.380856,22.218,Lg,p,616827,2001 HL69,2025-04-28T04:47:44.431Z
60798.01398430556,186.1483705,7.4423554,22.030,Li,p,616827,2001 HL69,2025-05-03T00:20:08.244Z
60797.15402120371,186.2845603,7.4375014,23.113,Lu,p,616827,2001 HL69,2025-05-02T03:41:47.432Z
60798.05793703704,186.1411267,7.4425501,21.782,Lr,p,616827,2001 HL69,2025-05-03T01:23:25.760Z
60799.09183613426,185.9821783,7.4443864,21.893,Lr,p,616827,2001 HL69,2025-05-04T02:12:14.642Z
60794.17050425926,186.7967893,7.4001993,21.879,Lr,p,616827,2001 HL69,2025-04-29T04:05:31.568Z
60793.16269996528,186.9819397,7.3799733,23.240,Lu,p,616827,2001 HL69,2025-04-28T03:54:17.277Z
60798.06035920139,186.1407278,7.44254,21.844,Lr,p,616827,2001 HL69,2025-05-03T01:26:55.035Z
60793.193513969905,186.975868,7.3807224,21.842,Lr,p,616827,2001 HL69,2025-04-28T04:38:39.607Z
60799.13426136574,185.9754473,7.4443972,21.914,Lr,p,616827,2001 HL69,2025-05-04T03:13:20.182Z
60797.0370558912,186.3046681,7.4368238,21.771,Li,p,616827,2001 HL69,2025-05-02T00:53:21.629Z
60799.010934502316,185.9949817,7.4443628,21.932,Li,p,616827,2001 HL69,2025-05-04T00:15:44.741Z
60798.109881296295,186.1325709,7.4427178,22.274,Lg,p,616827,2001 HL69,2025-05-03T02:38:13.744Z
60799.109680520836,185.9793392,7.4443925,21.981,Lr,p,616827,2001 HL69,2025-05-04T02:37:56.397Z
60795.15693762732,186.6215613,7.4162365,22.306,Lg,p,616827,2001 HL69,2025-04-30T03:45:59.411Z
60799.096344178244,185.9814495,7.4443925,21.843,Lr,p,616827,2001 HL69,2025-05-04T02:18:44.137Z
60798.076016666666,186.1381633,7.442581,21.959,Lr,p,616827,2001 HL69,2025-05-03T01:49:27.840Z
60793.14193525463,186.9859095,7.3796161,22.302,Lg,p,616827,2001 HL69,2025-04-28T03:24:23.206Z
60797.02428630787,186.306854,7.4367118,21.885,Li,p,616827,2001 HL69,2025-05-02T00:34:58.337Z
60798.063779027776,186.1401835,7.4425723,21.947,Lr,p,616827,2001 HL69,2025-05-03T01:31:50.508Z
60797.12851663194,186.2890177,7.437493,22.410,Lg,p,616827,2001 HL69,2025-05-02T03:05:03.837Z
60799.12580769676,185.9768098,7.4443855,22.009,Lr,p,616827,2001 HL69,2025-05-04T03:01:09.785Z
60799.12628822916,185.9767088,7.4443912,21.878,Lr,p,616827,2001 HL69,2025-05-04T03:01:51.303Z
60797.10659072916,186.2927681,7.4373401,22.383,Lg,p,616827,2001 HL69,2025-05-02T02:33:29.439Z
60798.07845956019,186.1377506,7.4425879,21.967,Lr,p,616827,2001 HL69,2025-05-03T01:52:58.906Z
60795.167118391204,186.6196866,7.4163718,22.294,Lg,p,616827,2001 HL69,2025-04-30T04:00:39.029Z
60798.027689236114,186.1460963,7.4424301,21.892,Li,p,616827,2001 HL69,2025-05-03T00:39:52.350Z
60797.02183871528,186.3072783,7.4366851,21.892,Li,p,616827,2001 HL69,2025-05-02T00:31:26.865Z
60797.15161803241,186.2851491,7.4376828,22.990,Lu,p,616827,2001 HL69,2025-05-02T03:38:19.798Z
60790.120375405095,187.5750193,7.2966387,21.787,Lr,p,616827,2001 HL69,2025-04-25T02:53:20.435Z
60794.16600300926,186.7976344,7.4001143,21.836,Lr,p,616827,2001 HL69,2025-04-29T03:59:02.660Z
60797.12167314815,186.2901886,7.4374493,22.365,Lg,p,616827,2001 HL69,2025-05-02T02:55:12.560Z
60798.044686747686,186.1433395,7.4424682,21.869,Lr,p,616827,2001 HL69,2025-05-03T01:04:20.935Z
60798.13191863426,186.1289348,7.4428125,22.374,Lg,p,616827,2001 HL69,2025-05-03T03:09:57.770Z
60795.15494917824,186.6219173,7.4162085,22.267,Lg,p,616827,2001 HL69,2025-04-30T03:43:07.609Z
60797.035602303244,186.3048763,7.4368295,21.863,Li,p,616827,2001 HL69,2025-05-02T00:51:16.039Z
60793.184043217596,186.9777183,7.3805301,21.802,Lr,p,616827,2001 HL69,2025-04-28T04:25:01.334Z
60798.134933263886,186.1284282,7.4427972,22.420,Lg,p,616827,2001 HL69,2025-05-03T03:14:18.234Z
60797.114815023146,186.2913666,7.4374129,22.322,Lg,p,616827,2001 HL69,2025-05-02T02:45:20.018Z
60793.058373391206,187.0022054,7.3777717,21.650,Li,p,616827,2001 HL69,2025-04-28T01:24:03.461Z
60793.19449119213,186.9756713,7.3807462,21.777,Lr,p,616827,2001 HL69,2025-04-28T04:40:04.039Z
60798.08779329861,186.1362104,7.4426399,21.838,Lr,p,616827,2001 HL69,2025-05-03T02:06:25.341Z
60798.04368667824,186.1434829,7.4424707,21.974,Lr,p,616827,2001 HL69,2025-05-03T01:02:54.529Z
60797.100222650464,186.2938693,7.4372931,22.391,Lg,p,616827,2001 HL69,2025-05-02T02:24:19.237Z
60795.16613106481,186.6198676,7.4163636,22.398,Lg,p,616827,2001 HL69,2025-04-30T03:59:13.724Z
60799.08891106481,185.9826435,7.4444143,21.890,Lr,p,616827,2001 HL69,2025-05-04T02:08:01.916Z
60797.14230400463,186.2866902,7.4375656,23.549,Lu,p,616827,2001 HL69,2025-05-02T03:24:55.066Z
60798.135430358794,186.1283816,7.4428132,22.296,Lg,p,616827,2001 HL69,2025-05-03T03:15:01.183Z
60798.01790626157,186.1477374,7.4423747,21.885,Li,p,616827,2001 HL69,2025-05-03T00:25:47.101Z
60798.11765490741,186.131306,7.442773,22.355,Lg,p,616827,2001 HL69,2025-05-03T02:49:25.384Z
60787.11395915509,188.2072992,7.1812787,21.513,Li,p,616827,2001 HL69,2025-04-22T02:44:06.071Z
60798.09556436342,186.134912,7.4426797,21.936,Lr,p,616827,2001 HL69,2025-05-03T02:17:36.761Z
60799.15262405093,185.9725676,7.4443834,22.388,Lg,p,616827,2001 HL69,2025-05-04T03:39:46.718Z
60799.12680060185,185.9766417,7.4443849,21.949,Lr,p,616827,2001 HL69,2025-05-04T03:02:35.572Z
60797.10611460648,186.2928776,7.4373426,22.331,Lg,p,616827,2001 HL69,2025-05-02T02:32:48.302Z
60798.12946829861,186.1293335,7.4428117,22.360,Lg,p,616827,2001 HL69,2025-05-03T03:06:26.061Z
60797.03803349537,186.3045111,7.4368298,21.842,Li,p,616827,2001 HL69,2025-05-02T00:54:46.094Z
60795.10168892361,186.6316831,7.4154285,21.872,Lr,p,616827,2001 HL69,2025-04-30T02:26:25.923Z
60793.14047425926,186.9861895,7.3795895,22.171,Lg,p,616827,2001 HL69,2025-04-28T03:22:16.976Z
60798.02190144676,186.1470729,7.4423616,21.877,Li,p,616827,2001 HL69,2025-05-03T00:31:32.285Z
60795.072699375,186.6369963,7.4150059,21.820,Lr,p,616827,2001 HL69,2025-04-30T01:44:41.226Z
60798.10938773148,186.1326169,7.4427309,22.289,Lg,p,616827,2001 HL69,2025-05-03T02:37:31.100Z
60798.12454546296,186.130165,7.442786,22.423,Lg,p,616827,2001 HL69,2025-05-03T02:59:20.728Z
60797.065384016205,186.2998336,7.4370334,21.943,Lr,p,616827,2001 HL69,2025-05-02T01:34:09.179Z
60799.02898070602,185.9921141,7.4443905,21.885,Li,p,616827,2001 HL69,2025-05-04T00:41:43.933Z
60797.12409758102,186.2897921,7.4374636,22.350,Lg,p,616827,2001 HL69,2025-05-02T02:58:42.031Z
60799.121920543985,185.977403,7.4444117,21.918,Lr,p,616827,2001 HL69,2025-05-04T02:55:33.935Z
60798.02817273148,186.1460447,7.4424113,21.746,Li,p,616827,2001 HL69,2025-05-03T00:40:34.124Z
60787.125841863424,188.2046189,7.1818019,21.559,Li,p,616827,2001 HL69,2025-04-22T03:01:12.737Z
60793.19300083334,186.9759706,7.3807195,21.816,Lr,p,616827,2001 HL69,2025-04-28T04:37:55.272Z
60798.066210509256,186.1397695,7.4425673,22.007,Lr,p,616827,2001 HL69,2025-05-03T01:35:20.588Z
60797.07513619213,186.2981663,7.4371113,21.948,Lr,p,616827,2001 HL69,2025-05-02T01:48:11.767Z
60793.137054363426,186.9868433,7.3795123,22.253,Lg,p,616827,2001 HL69,2025-04-28T03:17:21.497Z
60799.1327962037,185.9756995,7.4443863,21.996,Lr,p,616827,2001 HL69,2025-05-04T03:11:13.592Z
60795.15742033565,186.6214619,7.4162406,22.283,Lg,p,616827,2001 HL69,2025-04-30T03:46:41.117Z
60797.07321030093,186.2984948,7.4371,21.975,Lr,p,616827,2001 HL69,2025-05-02T01:45:25.370Z
60795.06876832176,186.6377131,7.4149485,21.869,Lr,p,616827,2001 HL69,2025-04-30T01:39:01.583Z
60787.111309155094,188.2079158,7.1811543,21.599,Li,p,616827,2001 HL69,2025-04-22T02:40:17.111Z
60793.19932141204,186.9747522,7.3808517,22.165,Lg,p,616827,2001 HL69,2025-04-28T04:47:01.370Z
60797.02235732639,186.3071767,7.436703,21.787,Li,p,616827,2001 HL69,2025-05-02T00:32:11.673Z
60797.120221481484,186.2904344,7.4374315,22.374,Lg,p,616827,2001 HL69,2025-05-02T02:53:07.136Z
60799.12533592593,185.9768635,7.4443923,21.902,Lr,p,616827,2001 HL69,2025-05-04T03:00:29.024Z
60799.116566145836,185.9782609,7.4444027,21.946,Lr,p,616827,2001 HL69,2025-05-04T02:47:51.315Z
60799.032896145836,185.9915143,7.4443874,21.917,Li,p,616827,2001 HL69,2025-05-04T00:47:22.227Z
60798.07358469907,186.1385752,7.4425944,21.944,Lr,p,616827,2001 HL69,2025-05-03T01:45:57.718Z
60797.036574074074,186.3047399,7.4368106,21.813,Li,p,616827,2001 HL69,2025-05-02T00:52:40.000Z
60794.17001052084,186.7969061,7.4001684,21.912,Lr,p,616827,2001 HL69,2025-04-29T04:04:48.909Z
60790.181377071756,187.5621551,7.298633,21.729,Li,p,616827,2001 HL69,2025-04-25T04:21:10.979Z
60798.08972684028,186.1358641,7.4426502,21.926,Lr,p,616827,2001 HL69,2025-05-03T02:09:12.399Z
60797.158677465275,186.2838335,7.4378266,23.160,Lu,p,616827,2001 HL69,2025-05-02T03:48:29.733Z
60798.01691510417,186.1478595,7.4423577,21.730,Li,p,616827,2001 HL69,2025-05-03T00:24:21.465Z
60798.03358824074,186.145154,7.442426,21.907,Li,p,616827,2001 HL69,2025-05-03T00:48:22.024Z
60798.13690228009,186.1281217,7.442808,22.235,Lg,p,616827,2001 HL69,2025-05-03T03:17:08.357Z
60790.18956118055,187.5604161,7.2989205,21.647,Li,p,616827,2001 HL69,2025-04-25T04:32:58.086Z
60790.18267908565,187.5618781,7.2986852,21.675,Li,p,616827,2001 HL69,2025-04-25T04:23:03.473Z
60797.05078280093,186.3023161,7.4369279,21.875,Li,p,616827,2001 HL69,2025-05-02T01:13:07.634Z
60793.060328645835,187.0018195,7.3778296,21.778,Li,p,616827,2001 HL69,2025-04-28T01:26:52.395Z
60797.06635173611,186.2996581,7.4370429,22.037,Lr,p,616827,2001 HL69,2025-05-02T01:35:32.790Z
60797.12606261574,186.2894375,7.4374811,22.318,Lg,p,616827,2001 HL69,2025-05-02T03:01:31.810Z
60799.11064346065,185.9792001,7.4443912,21.889,Lr,p,616827,2001 HL69,2025-05-04T02:39:19.595Z
60795.07123929398,186.6372621,7.4149792,21.858,Lr,p,616827,2001 HL69,2025-04-30T01:42:35.075Z
60798.11572256945,186.1316026,7.4427593,22.358,Lg,p,616827,2001 HL69,2025-05-03T02:46:38.430Z
60798.12114413195,186.1306477,7.4427996,22.371,Lg,p,616827,2001 HL69,2025-05-03T02:54:26.853Z
60798.05548795139,186.1415498,7.4425169,21.865,Lr,p,616827,2001 HL69,2025-05-03T01:19:54.159Z
60797.097803460645,186.2942822,7.4372763,22.419,Lg,p,616827,2001 HL69,2025-05-02T02:20:50.219Z
60797.02822532407,186.3061958,7.4367609,21.833,Li,p,616827,2001 HL69,2025-05-02T00:40:38.668Z
60795.068243773145,186.6378127,7.4149568,21.891,Lr,p,616827,2001 HL69,2025-04-30T01:38:16.262Z
60799.094341435186,185.9817774,7.4444068,21.945,Lr,p,616827,2001 HL69,2025-05-04T02:15:51.100Z
60797.129495127316,186.2888581,7.4375015,22.395,Lg,p,616827,2001 HL69,2025-05-02T03:06:28.379Z
60798.04419875,186.1434031,7.4424854,21.950,Lr,p,616827,2001 HL69,2025-05-03T01:03:38.772Z
60797.127043148146,186.2892774,7.4374983,22.350,Lg,p,616827,2001 HL69,2025-05-02T03:02:56.528Z
60799.085495150466,185.9831649,7.4443903,22.035,Lr,p,616827,2001 HL69,2025-05-04T02:03:06.781Z
60798.07504978009,186.1382969,7.4426026,21.920,Lr,p,616827,2001 HL69,2025-05-03T01:48:04.301Z
60790.12139641204,187.5748023,7.2966887,21.802,Lr,p,616827,2001 HL69,2025-04-25T02:54:48.650Z
60798.06329709491,186.1402378,7.4425397,21.954,Lr,p,616827,2001 HL69,2025-05-03T01:31:08.869Z
60790.13875009259,187.5711353,7.2972525,22.139,Lg,p,616827,2001 HL69,2025-04-25T03:19:48.008Z
60797.133472511574,186.288186,7.437521,22.312,Lg,p,616827,2001 HL69,2025-05-02T03:12:12.025Z
60799.14384549769,185.9739382,7.4443807,22.424,Lg,p,616827,2001 HL69,2025-05-04T03:27:08.251Z
60798.064753935185,186.1400229,7.4425399,21.984,Lr,p,616827,2001 HL69,2025-05-03T01:33:14.740Z
60797.04582275463,186.3031693,7.4368884,21.837,Li,p,616827,2001 HL69,2025-05-02T01:05:59.086Z
60793.053489074075,187.0031641,7.3776741,21.787,Li,p,616827,2001 HL69,2025-04-28T01:17:01.456Z
60798.122597152775,186.1304718,7.4427708,22.287,Lg,p,616827,2001 HL69,2025-05-03T02:56:32.394Z
60798.02965409722,186.1458035,7.4424174,21.742,Li,p,616827,2001 HL69,2025-05-03T00:42:42.114Z
60795.180814328705,186.6172216,7.4165304,23.166,Lu,p,616827,2001 HL69,2025-04-30T04:20:22.358Z
60799.154579131944,185.972264,7.4443697,22.308,Lg,p,616827,2001 HL69,2025-05-04T03:42:35.637Z
60797.06984200232,186.2990522,7.4370841,21.885,Lr,p,616827,2001 HL69,2025-05-02T01:40:34.349Z
60787.15705606482,188.1975404,7.1831623,23.103,Lu,p,616827,2001 HL69,2025-04-22T03:46:09.644Z
60798.084898078705,186.1366936,7.4426554,21.937,Lr,p,616827,2001 HL69,2025-05-03T02:02:15.194Z
60798.09652934028,186.1347636,7.4426701,21.932,Lr,p,616827,2001 HL69,2025-05-03T02:19:00.135Z
60799.10384928241,185.9802679,7.4443958,21.880,Lr,p,616827,2001 HL69,2025-05-04T02:29:32.578Z
60794.168996493056,186.797059,7.4001558,21.881,Lr,p,616827,2001 HL69,2025-04-29T04:03:21.297Z
60797.06007535879,186.3007405,7.436993,21.944,Lr,p,616827,2001 HL69,2025-05-02T01:26:30.511Z
60798.12357675926,186.1303072,7.4427804,22.303,Lg,p,616827,2001 HL69,2025-05-03T02:57:57.032Z
60799.03686569444,185.9908772,7.4443874,21.874,Li,p,616827,2001 HL69,2025-05-04T00:53:05.196Z
60797.02284759259,186.3071044,7.4367182,21.868,Li,p,616827,2001 HL69,2025-05-02T00:32:54.032Z
60790.119872905096,187.5751199,7.296624,21.762,Lr,p,616827,2001 HL69,2025-04-25T02:52:37.019Z
60797.046778275464,186.3029969,7.4368952,21.817,Li,p,616827,2001 HL69,2025-05-02T01:07:21.643Z
60798.12702331018,186.1297719,7.4427639,22.340,Lg,p,616827,2001 HL69,2025-05-03T03:02:54.814Z
60798.058416851854,186.141063,7.4425178,22.009,Lr,p,616827,2001 HL69,2025-05-03T01:24:07.216Z
60798.09408920139,186.1351714,7.4426688,21.899,Lr,p,616827,2001 HL69,2025-05-03T02:15:29.307Z
60799.02094193287,185.993394,7.4443711,21.872,Li,p,616827,2001 HL69,2025-05-04T00:30:09.383Z
60793.202319027776,186.9741675,7.3809135,22.204,Lg,p,616827,2001 HL69,2025-04-28T04:51:20.364Z
60799.179367766206,185.9684407,7.4443955,23.313,Lu,p,616827,2001 HL69,2025-05-04T04:18:17.375Z
60798.02480983796,186.1465908,7.4424089,21.828,Li,p,616827,2001 HL69,2025-05-03T00:35:43.570Z
60797.037545162035,186.3045846,7.4368336,21.749,Li,p,616827,2001 HL69,2025-05-02T00:54:03.902Z
60799.0309555787,185.9918165,7.4443963,21.859,Li,p,616827,2001 HL69,2025-05-04T00:44:34.562Z
60799.022422546295,185.9931794,7.4443676,21.825,Li,p,616827,2001 HL69,2025-05-04T00:32:17.308Z
60787.12738085648,188.2042847,7.1818611,21.648,Li,p,616827,2001 HL69,2025-04-22T03:03:25.706Z
60797.148730532404,186.2856317,7.4375422,23.495,Lu,p,616827,2001 HL69,2025-05-02T03:34:10.318Z
60799.01641347222,185.9940655,7.4443984,21.856,Li,p,616827,2001 HL69,2025-05-04T00:23:38.124Z
60795.030111631946,186.6448057,7.4143574,21.853,Lr,p,616827,2001 HL69,2025-04-30T00:43:21.645Z
60797.08913922454,186.2957602,7.4372166,22.363,Lg,p,616827,2001 HL69,2025-05-02T02:08:21.629Z
60799.03440755787,185.9912597,7.4443862,21.879,Li,p,616827,2001 HL69,2025-05-04T00:49:32.813Z
60799.13327327546,185.9756285,7.4443872,21.940,Lr,p,616827,2001 HL69,2025-05-04T03:11:54.811Z
60797.092015787035,186.2952638,7.4372364,22.336,Lg,p,616827,2001 HL69,2025-05-02T02:12:30.164Z
60793.167382893516,186.980945,7.3801547,23.133,Lu,p,616827,2001 HL69,2025-04-28T04:01:01.882Z
60798.07407303241,186.1384713,7.4425877,21.914,Lr,p,616827,2001 HL69,2025-05-03T01:46:39.910Z
60799.08695304398,185.9829376,7.4444078,21.992,Lr,p,616827,2001 HL69,2025-05-04T02:05:12.743Z
60793.06181773148,187.0015291,7.3778487,21.778,Li,p,616827,2001 HL69,2025-04-28T01:29:01.052Z
60798.053933842595,186.1417879,7.4425337,21.916,Lr,p,616827,2001 HL69,2025-05-03T01:17:39.884Z
60798.030139305556,186.1457504,7.4424546,21.945,Li,p,616827,2001 HL69,2025-05-03T00:43:24.036Z
60797.034055358796,186.3051883,7.4367932,21.798,Li,p,616827,2001 HL69,2025-05-02T00:49:02.383Z
60797.06104811343,186.3005747,7.4369986,21.941,Lr,p,616827,2001 HL69,2025-05-02T01:27:54.557Z
60798.051033599535,186.1422945,7.4425209,22.079,Lr,p,616827,2001 HL69,2025-05-03T01:13:29.303Z
60797.10369607639,186.2932614,7.4372948,22.398,Lg,p,616827,2001 HL69,2025-05-02T02:29:19.341Z
60798.098936030096,186.1343707,7.4426806,21.831,Lr,p,616827,2001 HL69,2025-05-03T02:22:28.073Z
60799.12835704861,185.9763696,7.4443908,21.882,Lr,p,616827,2001 HL69,2025-05-04T03:04:50.049Z
60798.01056252315,186.148926,7.4423438,21.701,Li,p,616827,2001 HL69,2025-05-03T00:15:12.602Z
60798.12899204861,186.1294286,7.442772,22.303,Lg,p,616827,2001 HL69,2025-05-03T03:05:44.913Z
60797.06491127315,186.2999069,7.4370372,21.947,Lr,p,616827,2001 HL69,2025-05-02T01:33:28.334Z
60798.083835300924,186.1368677,7.4426471,21.901,Lr,p,616827,2001 HL69,2025-05-03T02:00:43.370Z
60797.04093456019,186.3040256,7.4368563,21.855,Li,p,616827,2001 HL69,2025-05-02T00:58:56.746Z
60799.02045364583,185.993468,7.4443761,21.849,Li,p,616827,2001 HL69,2025-05-04T00:29:27.195Z
60797.12264462963,186.2900287,7.4374523,22.344,Lg,p,616827,2001 HL69,2025-05-02T02:56:36.496Z
60795.056069398146,186.6400477,7.4147531,21.869,Lr,p,616827,2001 HL69,2025-04-30T01:20:44.396Z
60798.05744769676,186.1412531,7.4425454,21.920,Lr,p,616827,2001 HL69,2025-05-03T01:22:43.481Z
60797.07080090278,186.2989009,7.4370769,21.928,Lr,p,616827,2001 HL69,2025-05-02T01:41:57.198Z
60798.01153012732,186.1487684,7.4423481,21.751,Li,p,616827,2001 HL69,2025-05-03T00:16:36.203Z
60797.042879988425,186.3036708,7.4368696,21.851,Li,p,616827,2001 HL69,2025-05-02T01:01:44.831Z
60793.13851606481,186.9865578,7.3795378,22.277,Lg,p,616827,2001 HL69,2025-04-28T03:19:27.788Z
60799.11704016204,185.978168,7.4444102,21.964,Lr,p,616827,2001 HL69,2025-05-04T02:48:32.270Z
60787.12941436343,188.2038048,7.1819625,21.650,Li,p,616827,2001 HL69,2025-04-22T03:06:21.401Z
60797.03511914352,186.3050019,7.4368053,21.780,Li,p,616827,2001 HL69,2025-05-02T00:50:34.294Z
60799.10531824074,185.9800434,7.4443944,21.912,Lr,p,616827,2001 HL69,2025-05-04T02:31:39.496Z
60795.07172690972,186.6371717,7.4149986,21.932,Lr,p,616827,2001 HL69,2025-04-30T01:43:17.205Z
60798.08432574074,186.1367661,7.4426225,21.865,Lr,p,616827,2001 HL69,2025-05-03T02:01:25.744Z
60799.1536206713,185.972414,7.4443635,22.278,Lg,p,616827,2001 HL69,2025-05-04T03:41:12.826Z
60795.19146865741,186.6153791,7.4168088,23.078,Lu,p,616827,2001 HL69,2025-04-30T04:35:42.892Z
60797.105142546294,186.2930217,7.4373469,22.370,Lg,p,616827,2001 HL69,2025-05-02T02:31:24.316Z
60793.186007488424,186.9773209,7.380563,21.883,Lr,p,616827,2001 HL69,2025-04-28T04:27:51.047Z
60799.127292199075,185.9765534,7.4443804,21.893,Lr,p,616827,2001 HL69,2025-05-04T03:03:18.046Z
60797.06936552083,186.2991619,7.4370776,21.902,Lr,p,616827,2001 HL69,2025-05-02T01:39:53.181Z
60795.09254275463,186.6333622,7.4153008,21.882,Lr,p,616827,2001 HL69,2025-04-30T02:13:15.694Z
60798.12016450232,186.130902,7.442785,22.365,Lg,p,616827,2001 HL69,2025-05-03T02:53:02.213Z
60798.12163046296,186.1306351,7.4427603,22.337,Lg,p,616827,2001 HL69,2025-05-03T02:55:08.872Z
60798.10552520833,186.1333187,7.442691,22.321,Lg,p,616827,2001 HL69,2025-05-03T02:31:57.378Z
60799.112548310186,185.9788905,7.4443957,21.996,Lr,p,616827,2001 HL69,2025-05-04T02:42:04.174Z
60797.09442392361,186.2948497,7.4372641,22.430,Lg,p,616827,2001 HL69,2025-05-02T02:15:58.227Z
60797.12361043981,186.2898612,7.4374638,22.425,Lg,p,616827,2001 HL69,2025-05-02T02:57:59.942Z
60797.07128570602,186.2988203,7.4370841,21.958,Lr,p,616827,2001 HL69,2025-05-02T01:42:39.085Z
60799.18115694445,185.9680672,7.4443925,22.866,Lu,p,616827,2001 HL69,2025-05-04T04:20:51.960Z
60798.036578865744,186.1446375,7.4424543,21.820,Li,p,616827,2001 HL69,2025-05-03T00:52:40.414Z
60797.0271990625,186.3063473,7.4367642,21.869,Li,p,616827,2001 HL69,2025-05-02T00:39:09.999Z
60798.02577266204,186.1464147,7.4423854,21.722,Li,p,616827,2001 HL69,2025-05-03T00:37:06.758Z
60797.13046761574,186.2886969,7.4375102,22.343,Lg,p,616827,2001 HL69,2025-05-02T03:07:52.402Z
60798.06183648148,186.1404862,7.4425346,21.915,Lr,p,616827,2001 HL69,2025-05-03T01:29:02.672Z
60797.100711122686,186.29378,7.4372915,22.321,Lg,p,616827,2001 HL69,2025-05-02T02:25:01.441Z
60797.07416418981,186.2983279,7.437093,21.881,Lr,p,616827,2001 HL69,2025-05-02T01:46:47.786Z
60793.163276770836,186.9816879,7.380103,23.246,Lu,p,616827,2001 HL69,2025-04-28T03:55:07.113Z
60797.06734462963,186.2994906,7.4370518,21.952,Lr,p,616827,2001 HL69,2025-05-02T01:36:58.576Z
60797.08450626158,186.2965486,7.437184,21.933,Lr,p,616827,2001 HL69,2025-05-02T02:01:41.341Z
60797.0453449537,186.3032566,7.4368922,21.772,Li,p,616827,2001 HL69,2025-05-02T01:05:17.804Z
60798.10842103009,186.1328184,7.4427399,22.311,Lg,p,616827,2001 HL69,2025-05-03T02:36:07.577Z
60797.1021684375,186.2935188,7.4373077,22.368,Lg,p,616827,2001 HL69,2025-05-02T02:27:07.353Z
60797.118753483795,186.2906793,7.4374347,22.303,Lg,p,616827,2001 HL69,2025-05-02T02:51:00.301Z
60790.1173121875,187.5756536,7.2965379,21.803,Lr,p,616827,2001 HL69,2025-04-25T02:48:55.773Z
60798.015929664354,186.1480405,7.4423623,21.719,Li,p,616827,2001 HL69,2025-05-03T00:22:56.323Z
60797.12070638889,186.2903519,7.4374392,22.370,Lg,p,616827,2001 HL69,2025-05-02T02:53:49.032Z
60793.140955138886,186.9860923,7.3795921,22.248,Lg,p,616827,2001 HL69,2025-04-28T03:22:58.524Z
60797.02332707176,186.3070221,7.4367075,21.809,Li,p,616827,2001 HL69,2025-05-02T00:33:35.459Z
60797.05475568287,186.3016517,7.4369391,21.981,Lr,p,616827,2001 HL69,2025-05-02T01:18:50.891Z
60798.12406596065,186.1302931,7.4427617,22.403,Lg,p,616827,2001 HL69,2025-05-03T02:58:39.299Z
60799.12884741898,185.9763264,7.4443582,21.853,Lr,p,616827,2001 HL69,2025-05-04T03:05:32.417Z
60795.18912215278,186.615508,7.416814,22.989,Lu,p,616827,2001 HL69,2025-04-30T04:32:20.154Z
60799.014427395836,185.9944499,7.4443692,21.878,Li,p,616827,2001 HL69,2025-05-04T00:20:46.527Z
60799.013440462964,185.9945887,7.4443489,21.995,Li,p,616827,2001 HL69,2025-05-04T00:19:21.256Z
60799.03339486111,185.9914206,7.4443959,21.809,Li,p,616827,2001 HL69,2025-05-04T00:48:05.316Z
60798.08875577546,186.1360567,7.4426423,21.884,Lr,p,616827,2001 HL69,2025-05-03T02:07:48.499Z
60799.11461519676,185.9785648,7.4444001,21.874,Lr,p,616827,2001 HL69,2025-05-04T02:45:02.753Z
60795.06772792824,186.6379121,7.4149271,21.908,Lr,p,616827,2001 HL69,2025-04-30T01:37:31.693Z
60798.03213114583,186.1453842,7.4424044,21.734,Li,p,616827,2001 HL69,2025-05-03T00:46:16.131Z
60797.10119528935,186.2936941,7.4373017,22.368,Lg,p,616827,2001 HL69,2025-05-02T02:25:43.273Z
60797.02575130787,186.306606,7.4367376,21.804,Li,p,616827,2001 HL69,2025-05-02T00:37:04.913Z
60799.01141702546,185.9948976,7.4443723,21.815,Li,p,616827,2001 HL69,2025-05-04T00:16:26.431Z
60798.10649482639,186.1331208,7.4427263,22.253,Lg,p,616827,2001 HL69,2025-05-03T02:33:21.153Z
60797.05863364584,186.3009794,7.4369809,21.974,Lr,p,616827,2001 HL69,2025-05-02T01:24:25.947Z
60797.11385498843,186.2915171,7.4373898,22.378,Lg,p,616827,2001 HL69,2025-05-02T02:43:57.071Z
60799.00996469907,185.9951171,7.4443642,21.812,Li,p,616827,2001 HL69,2025-05-04T00:14:20.950Z
60799.14480019676,185.973808,7.4443923,22.370,Lg,p,616827,2001 HL69,2025-05-04T03:28:30.737Z
60799.10676486111,185.9798101,7.444381,21.895,Lr,p,616827,2001 HL69,2025-05-04T02:33:44.484Z
60795.184964618056,186.6163408,7.4166153,23.149,Lu,p,616827,2001 HL69,2025-04-30T04:26:20.943Z
60797.16629920139,186.2826014,7.4377699,23.300,Lu,p,616827,2001 HL69,2025-05-02T03:59:28.251Z
60797.071761851854,186.2987374,7.437083,21.960,Lr,p,616827,2001 HL69,2025-05-02T01:43:20.224Z
60787.128398657405,188.2040302,7.181907,21.563,Li,p,616827,2001 HL69,2025-04-22T03:04:53.644Z
60798.02721399305,186.1461893,7.4424069,21.631,Li,p,616827,2001 HL69,2025-05-03T00:39:11.289Z
60798.05345306713,186.1418856,7.4425081,21.891,Lr,p,616827,2001 HL69,2025-05-03T01:16:58.345Z
60798.107463657405,186.1329572,7.4427064,22.362,Lg,p,616827,2001 HL69,2025-05-03T02:34:44.860Z
60793.05687954861,187.0025032,7.3777341,21.757,Li,p,616827,2001 HL69,2025-04-28T01:21:54.393Z
60797.05715298611,186.3012217,7.4369679,21.917,Lr,p,616827,2001 HL69,2025-05-02T01:22:18.018Z
60795.15297725694,186.622302,7.4161773,22.282,Lg,p,616827,2001 HL69,2025-04-30T03:40:17.235Z
60798.11717413194,186.1313088,7.4428132,22.465,Lg,p,616827,2001 HL69,2025-05-03T02:48:43.845Z
60790.13272310185,187.5724045,7.2970766,21.806,Lr,p,616827,2001 HL69,2025-04-25T03:11:07.276Z
60797.13193599537,186.2884445,7.4375258,22.312,Lg,p,616827,2001 HL69,2025-05-02T03:09:59.270Z
60797.04140956019,186.3039382,7.4368496,21.780,Li,p,616827,2001 HL69,2025-05-02T00:59:37.786Z
60798.070691354165,186.1390431,7.4425278,21.948,Lr,p,616827,2001 HL69,2025-05-03T01:41:47.733Z
60797.07760084491,186.297742,7.4371257,21.969,Lr,p,616827,2001 HL69,2025-05-02T01:51:44.713Z
60793.16621203704,186.9812556,7.3803404,23.628,Lu,p,616827,2001 HL69,2025-04-28T03:59:20.720Z
60787.13354326389,188.2028761,7.1821292,21.679,Li,p,616827,2001 HL69,2025-04-22T03:12:18.138Z
60797.084025833334,186.2966305,7.4371712,21.988,Lr,p,616827,2001 HL69,2025-05-02T02:00:59.832Z
60799.01491993055,185.9943495,7.4443786,21.829,Li,p,616827,2001 HL69,2025-05-04T00:21:29.082Z
60799.02849907408,185.9921924,7.4443964,21.811,Li,p,616827,2001 HL69,2025-05-04T00:41:02.320Z
60797.16804121528,186.2823135,7.4378662,23.200,Lu,p,616827,2001 HL69,2025-05-02T04:01:58.761Z
60795.1544653588,186.6220182,7.4162066,22.229,Lg,p,616827,2001 HL69,2025-04-30T03:42:25.807Z
60798.06572717593,186.1398587,7.4425685,21.889,Lr,p,616827,2001 HL69,2025-05-03T01:34:38.828Z
60798.136418159724,186.1281921,7.44282,22.331,Lg,p,616827,2001 HL69,2025-05-03T03:16:26.529Z
60797.12118809028,186.2902755,7.4374427,22.404,Lg,p,616827,2001 HL69,2025-05-02T02:54:30.651Z
60797.02622680555,186.3065276,7.4367371,21.782,Li,p,616827,2001 HL69,2025-05-02T00:37:45.996Z
60793.1973171875,186.9751292,7.3808031,22.275,Lg,p,616827,2001 HL69,2025-04-28T04:44:08.205Z
60795.153470613426,186.6221899,7.416176,22.307,Lg,p,616827,2001 HL69,2025-04-30T03:40:59.861Z
60797.05911864583,186.3008889,7.4370002,21.897,Lr,p,616827,2001 HL69,2025-05-02T01:25:07.851Z
60799.13231627315,185.9757663,7.4443821,21.924,Lr,p,616827,2001 HL69,2025-05-04T03:10:32.126Z
60799.02342614583,185.9930083,7.4443705,21.918,Li,p,616827,2001 HL69,2025-05-04T00:33:44.019Z
60798.040941921296,186.1439391,7.4424315,21.883,Lr,p,616827,2001 HL69,2025-05-03T00:58:57.382Z
60794.167485763886,186.7973642,7.4001375,21.845,Lr,p,616827,2001 HL69,2025-04-29T04:01:10.770Z
60797.11674175926,186.2910336,7.4374061,22.368,Lg,p,616827,2001 HL69,2025-05-02T02:48:06.488Z
60799.08746826389,185.9828615,7.4444002,22.036,Lr,p,616827,2001 HL69,2025-05-04T02:05:57.258Z
60798.03262481481,186.1452912,7.4424522,21.979,Li,p,616827,2001 HL69,2025-05-03T00:46:58.784Z
60799.03588642361,185.9910364,7.4443868,21.779,Li,p,616827,2001 HL69,2025-05-04T00:51:40.587Z
60797.07032037037,186.2989797,7.4370804,21.899,Lr,p,616827,2001 HL69,2025-05-02T01:41:15.680Z
60797.099262986114,186.2940218,7.4372895,22.311,Lg,p,616827,2001 HL69,2025-05-02T02:22:56.322Z
60797.104175740744,186.2931822,7.4373314,22.409,Lg,p,616827,2001 HL69,2025-05-02T02:30:00.784Z
60798.1132790625,186.132028,7.4427181,22.350,Lg,p,616827,2001 HL69,2025-05-03T02:43:07.311Z
60790.18428094908,187.56153,7.2987657,21.719,Li,p,616827,2001 HL69,2025-04-25T04:25:21.874Z
60797.13144896991,186.2885184,7.4375219,22.372,Lg,p,616827,2001 HL69,2025-05-02T03:09:17.191Z
60797.12804008102,186.289107,7.4374902,22.393,Lg,p,616827,2001 HL69,2025-05-02T03:04:22.663Z
60797.03208005787,186.3055178,7.436778,21.829,Li,p,616827,2001 HL69,2025-05-02T00:46:11.717Z
60799.02393041667,185.9929276,7.4443784,21.868,Li,p,616827,2001 HL69,2025-05-04T00:34:27.588Z
60797.11625349537,186.2911258,7.437409,22.377,Lg,p,616827,2001 HL69,2025-05-02T02:47:24.302Z
60797.08003701389,186.2973231,7.4371503,21.917,Lr,p,616827,2001 HL69,2025-05-02T01:55:15.198Z
60790.19533728009,187.559156,7.2991939,23.080,Lu,p,616827,2001 HL69,2025-04-25T04:41:17.141Z
60797.12215945602,186.2901187,7.4374504,22.349,Lg,p,616827,2001 HL69,2025-05-02T02:55:54.577Z
60797.09009399306,186.2955915,7.4372316,22.257,Lg,p,616827,2001 HL69,2025-05-02T02:09:44.121Z
60797.03899376158,186.3043482,7.4368402,21.843,Li,p,616827,2001 HL69,2025-05-02T00:56:09.061Z
60799.129869131946,185.9761488,7.4443936,21.886,Lr,p,616827,2001 HL69,2025-05-04T03:07:00.693Z
60797.04042789352,186.3041011,7.4368534,21.795,Li,p,616827,2001 HL69,2025-05-02T00:58:12.970Z
60798.08730983796,186.1362793,7.4426703,21.876,Lr,p,616827,2001 HL69,2025-05-03T02:05:43.570Z
60799.10185649306,185.9805802,7.4443983,21.938,Lr,p,616827,2001 HL69,2025-05-04T02:26:40.401Z
60798.10504244213,186.1333483,7.4427041,22.238,Lg,p,616827,2001 HL69,2025-05-03T02:31:15.667Z
60798.0984456713,186.134415,7.4426622,21.998,Lr,p,616827,2001 HL69,2025-05-03T02:21:45.706Z
60799.08399363426,185.9834172,7.4444039,21.973,Lr,p,616827,2001 HL69,2025-05-04T02:00:57.050Z
60797.09683822917,186.2944448,7.437276,22.437,Lg,p,616827,2001 HL69,2025-05-02T02:19:26.823Z
60793.19200231481,186.9761539,7.3807011,21.807,Lr,p,616827,2001 HL69,2025-04-28T04:36:29.000Z
60795.14854538195,186.6230922,7.4161173,22.265,Lg,p,616827,2001 HL69,2025-04-30T03:33:54.321Z
60799.02652021991,185.9925151,7.4443773,21.994,Li,p,616827,2001 HL69,2025-05-04T00:38:11.347Z
60795.03160109954,186.644534,7.4143844,21.884,Lr,p,616827,2001 HL69,2025-04-30T00:45:30.335Z
60790.14024084491,187.5708086,7.2973091,22.176,Lg,p,616827,2001 HL69,2025-04-25T03:21:56.809Z
60797.09153857639,186.295357,7.4372274,22.339,Lg,p,616827,2001 HL69,2025-05-02T02:11:48.933Z
60798.0193784838,186.1475039,7.44237,21.646,Li,p,616827,2001 HL69,2025-05-03T00:27:54.301Z
60799.14965528935,185.9730308,7.4443749,22.391,Lg,p,616827,2001 HL69,2025-05-04T03:35:30.217Z
60795.035999722226,186.6437297,7.4144556,21.899,Lr,p,616827,2001 HL69,2025-04-30T00:51:50.376Z
60797.093943182874,186.2949423,7.4372428,22.284,Lg,p,616827,2001 HL69,2025-05-02T02:15:16.691Z
60793.14293043981,186.9856954,7.3796444,22.215,Lg,p,616827,2001 HL69,2025-04-28T03:25:49.190Z
60797.075621111115,186.298076,7.4371083,22.044,Lr,p,616827,2001 HL69,2025-05-02T01:48:53.664Z
60799.124344525466,185.9770276,7.4443846,21.941,Lr,p,616827,2001 HL69,2025-05-04T02:59:03.367Z
60797.056197384256,186.3014105,7.4369691,21.933,Lr,p,616827,2001 HL69,2025-05-02T01:20:55.454Z
60795.19554995371,186.614511,7.4167841,23.185,Lu,p,616827,2001 HL69,2025-04-30T04:41:35.516Z
60798.1187055787,186.1311296,7.4427544,22.271,Lg,p,616827,2001 HL69,2025-05-03T02:50:56.162Z
60797.145800405095,186.2860435,7.4375516,23.324,Lu,p,616827,2001 HL69,2025-05-02T03:29:57.155Z
60797.13096672454,186.2885987,7.4375124,22.348,Lg,p,616827,2001 HL69,2025-05-02T03:08:35.525Z
60797.09105386574,186.2954289,7.4372302,22.315,Lg,p,616827,2001 HL69,2025-05-02T02:11:07.054Z
60798.0999846875,186.1341951,7.4426954,21.906,Lr,p,616827,2001 HL69,2025-05-03T02:23:58.677Z
60798.056966805554,186.1412719,7.4425312,21.783,Lr,p,616827,2001 HL69,2025-05-03T01:22:01.932Z
60790.148002766204,187.5691803,7.2975638,22.212,Lg,p,616827,2001 HL69,2025-04-25T03:33:07.439Z
60799.137676782404,185.97492,7.4443878,21.921,Lr,p,616827,2001 HL69,2025-05-04T03:18:15.274Z
60798.09508572917,186.1349975,7.4426737,21.863,Lr,p,616827,2001 HL69,2025-05-03T02:16:55.407Z
60798.086829837965,186.136401,7.442645,21.923,Lr,p,616827,2001 HL69,2025-05-03T02:05:02.098Z
60798.09950956018,186.134261,7.4427089,21.873,Lr,p,616827,2001 HL69,2025-05-03T02:23:17.626Z
60797.09249841435,186.295191,7.4372292,22.310,Lg,p,616827,2001 HL69,2025-05-02T02:13:11.863Z
60798.06962707176,186.1391898,7.4425724,21.906,Lr,p,616827,2001 HL69,2025-05-03T01:40:15.779Z
60797.073689652774,186.298414,7.4371027,21.952,Lr,p,616827,2001 HL69,2025-05-02T01:46:06.786Z
60790.14850923611,187.569068,7.2975646,22.158,Lg,p,616827,2001 HL69,2025-04-25T03:33:51.198Z
60793.203337349536,186.9739697,7.3809359,22.220,Lg,p,616827,2001 HL69,2025-04-28T04:52:48.347Z
60793.05591675926,187.0027017,7.3777124,21.784,Li,p,616827,2001 HL69,2025-04-28T01:20:31.208Z
60797.11142435185,186.2919505,7.4373871,22.349,Lg,p,616827,2001 HL69,2025-05-02T02:40:27.064Z
60798.03551037037,186.1447997,7.4424491,21.834,Li,p,616827,2001 HL69,2025-05-03T00:51:08.096Z
60797.10756269676,186.2926155,7.4373565,22.384,Lg,p,616827,2001 HL69,2025-05-02T02:34:53.417Z
60793.05789295139,187.0022982,7.3777667,21.667,Li,p,616827,2001 HL69,2025-04-28T01:23:21.951Z
60797.10852475694,186.2924403,7.4373694,22.412,Lg,p,616827,2001 HL69,2025-05-02T02:36:16.539Z
60798.012023310184,186.1486616,7.4423498,21.821,Li,p,616827,2001 HL69,2025-05-03T00:17:18.814Z
60798.09311581019,186.1353317,7.4426638,21.870,Lr,p,616827,2001 HL69,2025-05-03T02:14:05.206Z
60795.102194259256,186.6315688,7.415451,21.861,Lr,p,616827,2001 HL69,2025-04-30T02:27:09.584Z
